problem_index,response
0,"{
  ""step_1"": ""The decision reason focuses on the probability of the maximum outcome in each lottery. For Lottery A, the maximum outcome is 2500 Euros, which occurs with a 33% probability. For Lottery B, the maximum outcome is 2400 Euros, which occurs with a 100% probability. Since the maximum outcome in Lottery B (2400 Euros) is less than that in Lottery A (2500 Euros), the maximum outcome for each lottery is well-defined and the probabilities of achieving those maximum outcomes can be derived directly from the given lotteries. Therefore, the decision reason can be applied in a strict manner. The relevant information is: Lottery A has a 33% chance of the maximum outcome (2500 Euros), and Lottery B has a 100% chance of its maximum outcome (2400 Euros)."",
  ""step_2"": ""The decision reason prefers the lottery with the higher probability of achieving its maximum outcome. Lottery A has a 33% probability of achieving its maximum outcome (2500 Euros), while Lottery B has a 100% probability of achieving its maximum outcome (2400 Euros). Since 100% > 33%, the decision reason prefers Lottery B."",
  ""final_answer"": ""B""
}"
1,"{
  ""step_1"": ""The decision reason focuses on the probability of the maximum outcome for each lottery. For Lottery A, the maximum outcome is 2500 Euros, which occurs with a 33% probability. For Lottery B, the maximum outcome is 2400 Euros, which occurs with a 34% probability. The relevant information—namely, the probability of the maximum outcome—is clearly defined and derivable from the given lotteries. Therefore, the decision reason can be applied strictly."",
  ""step_2"": ""According to the decision reason, the lottery with the higher probability of the maximum outcome is preferred. Lottery A has a 33% chance of the maximum outcome (2500 Euros), while Lottery B has a 34% chance of its maximum outcome (2400 Euros). Since 34% > 33%, the decision reason prefers Lottery B."",
  ""final_answer"": ""B""
}"
2,"{
  ""step_1"": ""The decision reason focuses on the probability of the maximum outcome for each lottery. For Lottery A, the maximum outcome is 4000 Euros, which occurs with 80% probability. For Lottery B, the maximum outcome is 3000 Euros, which occurs with 100% probability. The maximum outcome of Lottery A (4000 Euros) is higher than that of Lottery B (3000 Euros), but the decision reason does not compare the maximum outcomes themselves—it only compares the probabilities with which the maximum outcome occurs. Since the maximum outcome of Lottery A is 4000 Euros (with 80% probability), and the maximum outcome of Lottery B is 3000 Euros (with 100% probability), the reason evaluates the probability of achieving the highest possible outcome in each lottery. Thus, the relevant information is: Lottery A has an 80% chance of the maximum outcome (4000 Euros), and Lottery B has a 100% chance of its maximum outcome (3000 Euros). This information is fully derivable from the lotteries, so the decision reason can be applied strictly."",
  ""step_2"": ""The decision reason prefers the lottery with the higher probability of achieving its maximum outcome. Lottery A has a probability of 80% for its maximum outcome (4000 Euros). Lottery B has a probability of 100% for its maximum outcome (3000 Euros). Since 100% > 80%, the decision reason prefers Lottery B."",
  ""final_answer"": ""B""
}"
3,"{
  ""step_1"": ""The decision reason focuses on the probability of the maximum outcome in each lottery. For Lottery A, the maximum outcome is 4000 Euros, which occurs with a 20% probability. For Lottery B, the maximum outcome is 3000 Euros, which occurs with a 25% probability. The relevant information—namely, the probabilities of the maximum outcomes—can be derived directly from the given lotteries. Therefore, the decision reason can be applied in a strict manner. The relevant information is: Lottery A has a 20% chance of the maximum outcome (4000 Euros), and Lottery B has a 25% chance of the maximum outcome (3000 Euros)."",
  ""step_2"": ""According to the decision reason, the lottery with the higher probability of the maximum outcome is preferred. Lottery B has a 25% probability of its maximum outcome, which is higher than Lottery A's 20% probability. Therefore, the decision reason prefers Lottery B."",
  ""final_answer"": ""B""
}"
4,"{
  ""step_1"": ""The decision reason focuses on the probability of the maximum outcome in each lottery. For Lottery A, the maximum outcome is 6000 Euros, which occurs with a 45% probability. For Lottery B, the maximum outcome is 3000 Euros, which occurs with a 90% probability. The relevant information—namely, the probability of the maximum outcome—is fully available and can be directly compared. Therefore, the decision reason can be applied strictly."",
  ""step_2"": ""The decision reason prefers the lottery with the higher probability of achieving its maximum outcome. Lottery A has a 45% chance of the maximum outcome (6000 Euros), while Lottery B has a 90% chance of its maximum outcome (3000 Euros). Since 90% > 45%, the decision reason prefers Lottery B."",
  ""final_answer"": ""B""
}"
5,"{
  ""step_1"": ""The decision reason focuses on the probability of the maximum outcome for each lottery. For Lottery A, the maximum outcome is 6000 Euros, which occurs with a probability of 0.1%. For Lottery B, the maximum outcome is 3000 Euros, which occurs with a probability of 0.2%. These probabilities are directly available from the lotteries' descriptions. Therefore, the relevant information can be derived, and the decision reason can be applied strictly. The relevant information is: Lottery A has a 0.1% chance of the maximum outcome, and Lottery B has a 0.2% chance of the maximum outcome."",
  ""step_2"": ""According to the decision reason, the lottery with the higher probability of the maximum outcome is preferred. Since 0.2% (Lottery B) is greater than 0.1% (Lottery A), the decision reason prefers Lottery B."",
  ""final_answer"": ""B""
}"
6,"{
  ""step_1"": ""The decision reason focuses on the probability of the maximum outcome in each lottery. For Lottery A, the outcomes are -4000 Euros (80% probability) and 0 Euros (20% probability), so the maximum outcome is 0 Euros, which occurs with 20% probability. For Lottery B, the outcome is -3000 Euros with 100% probability, so the maximum outcome is -3000 Euros, which occurs with 100% probability. The maximum outcome of Lottery B is -3000 Euros, which is less than the maximum outcome of Lottery A (0 Euros). However, the decision reason only compares the probability of achieving the maximum outcome, not the value of the maximum outcome itself. The maximum outcome of Lottery A is 0 Euros (achieved with 20% probability), and the maximum outcome of Lottery B is -3000 Euros (achieved with 100% probability). Since the decision reason only considers the probability of the maximum outcome, it compares 20% (Lottery A) and 100% (Lottery B). The relevant information can be derived, so the reason can be applied strictly."",
  ""step_2"": ""The decision reason prefers the lottery with the higher probability of the maximum outcome. Lottery A has a 20% probability of achieving its maximum outcome (0 Euros), while Lottery B has a 100% probability of achieving its maximum outcome (-3000 Euros). Since 100% > 20%, the decision reason prefers Lottery B."",
  ""final_answer"": ""B""
}"
7,"{
  ""step_1"": ""The decision reason focuses on the probability of the maximum outcome in each lottery. For Lottery A, the maximum outcome is 0 Euros, which occurs with 80% probability. For Lottery B, the maximum outcome is also 0 Euros, which occurs with 75% probability. The relevant information—namely, the probability of the maximum outcome—is clearly derivable from the given lotteries. Therefore, the decision reason can be applied strictly."",
  ""step_2"": ""According to the decision reason, the lottery with the higher probability of the maximum outcome is preferred. Lottery A has a 80% probability of the maximum outcome (0 Euros), while Lottery B has a 75% probability. Since 80% > 75%, the decision reason prefers Lottery A."",
  ""final_answer"": ""A""
}"
8,"{
  ""step_1"": ""The decision reason focuses on the probability of the maximum outcome in each lottery. For Lottery A, the maximum outcome is 0 Euros, which occurs with 55% probability. For Lottery B, the maximum outcome is also 0 Euros, which occurs with 10% probability. The relevant information (probability of the maximum outcome) can be derived from the given lotteries. Therefore, the decision reason can be applied strictly. The probability of the maximum outcome is 55% for A and 10% for B."",
  ""step_2"": ""According to the decision reason, the lottery with the higher probability of the maximum outcome is preferred. Since 55% > 10%, Lottery A has a higher probability of the maximum outcome. Therefore, the decision reason prefers Lottery A."",
  ""final_answer"": ""A""
}"
9,"{
  ""step_1"": ""The decision reason focuses on the probability of the maximum outcome for each lottery. In Lottery A, the maximum outcome is 0 Euros, which occurs with a probability of 99.9%. In Lottery B, the maximum outcome is also 0 Euros, which occurs with a probability of 99.8%. The relevant information—namely, the probability of the maximum outcome—can be derived from the given lotteries. Therefore, the decision reason can be applied strictly."",
  ""step_2"": ""According to the decision reason, the lottery with the higher probability of the maximum outcome is preferred. Lottery A has a 99.9% probability of the maximum outcome (0 Euros), while Lottery B has a 99.8% probability. Since 99.9% > 99.8%, the decision reason prefers Lottery A."",
  ""final_answer"": ""A""
}"
10,"{
  ""step_1"": ""The decision reason focuses on the probability of the maximum outcome for each lottery. For Lottery A, the maximum outcome is 1000 Euros, which occurs with 50% probability. For Lottery B, the maximum outcome is 500 Euros, which occurs with 100% probability. The maximum outcome of Lottery A (1000 Euros) is higher than that of Lottery B (500 Euros). However, the decision reason only compares the probability of achieving the maximum outcome, not the magnitude of the maximum outcome itself. Therefore, we assess: the probability of the maximum outcome in Lottery A is 50%, and in Lottery B it is 100%. This information is fully derivable from the given lotteries. Thus, the decision reason can be applied strictly."",
  ""step_2"": ""According to the decision reason, the lottery with the higher probability of achieving its maximum outcome is preferred. Lottery A has a 50% chance of the maximum outcome (1000 Euros), while Lottery B has a 100% chance of its maximum outcome (500 Euros). Since 100% > 50%, the decision reason prefers Lottery B."",
  ""final_answer"": ""B""
}"
11,"{
  ""step_1"": ""The decision reason focuses on the probability of the maximum outcome in each lottery. For Lottery A, the outcomes are -1000 Euros (50%) and 0 Euros (50%), so the maximum outcome is 0 Euros, which occurs with 50% probability. For Lottery B, the outcome is -500 Euros with 100% probability, so the maximum outcome is -500 Euros, which occurs with 100% probability. The maximum outcome of Lottery A (0 Euros) is higher than that of Lottery B (-500 Euros), but the decision reason does not compare the values of the maximum outcomes. Instead, it compares the probabilities with which the maximum outcome occurs. The maximum outcome of Lottery A occurs with 50% probability, and the maximum outcome of Lottery B occurs with 100% probability. These probabilities can be derived from the given lotteries, so the decision reason can be applied strictly. The relevant information is: Lottery A has a 50% probability of achieving its maximum outcome (0 Euros), and Lottery B has a 100% probability of achieving its maximum outcome (-500 Euros)."",
  ""step_2"": ""According to the decision reason, the lottery with the higher probability of achieving its maximum outcome is preferred. Lottery A has a 50% probability of the maximum outcome, while Lottery B has a 100% probability. Since 100% > 50%, the decision reason prefers Lottery B."",
  ""final_answer"": ""B""
}"
12,"{
  ""step_1"": ""The decision reason focuses on the probability of the maximum outcome in each lottery. For Lottery A, the maximum outcome is 6000 Euros, which occurs with a probability of 25%. For Lottery B, the maximum outcome is 4000 Euros, which occurs with a probability of 25%. Both lotteries have the same probability (25%) of achieving their respective maximum outcomes. Therefore, the relevant information can be derived, and the decision reason can be applied strictly."",
  ""step_2"": ""According to the decision reason, the lottery with the higher probability of the maximum outcome is preferred. Since both lotteries have the same probability (25%) of achieving their maximum outcomes, the decision reason is indifferent between them."",
  ""final_answer"": ""INDIFFERENT""
}"
13,"{
  ""step_1"": ""The decision reason focuses on the probability of the maximum outcome in each lottery. For Lottery A, the maximum outcome is 0 Euros, which occurs with 75% probability. For Lottery B, the maximum outcome is also 0 Euros, which occurs with 50% probability. The relevant information (probability of the maximum outcome) can be derived from the given lotteries. Therefore, the decision reason can be applied strictly."",
  ""step_2"": ""Lottery A has a 75% probability of the maximum outcome (0 Euros), while Lottery B has a 50% probability of the same maximum outcome. Since the decision reason prefers the lottery with the higher probability of the maximum outcome, it prefers Lottery A."",
  ""final_answer"": ""A""
}"
14,"{
  ""step_1"": ""The decision reason focuses on the probability of the maximum outcome for each lottery. For Lottery A, the maximum outcome is 5000 Euros, which occurs with a probability of 0.1%. For Lottery B, the maximum outcome is 5 Euros, which occurs with a probability of 100%. These probabilities are clearly defined and can be directly compared. Therefore, the decision reason can be applied strictly. The relevant information is: Lottery A has a 0.1% chance of the maximum outcome, and Lottery B has a 100% chance of its maximum outcome."",
  ""step_2"": ""According to the decision reason, the lottery with the higher probability of achieving its maximum outcome is preferred. Lottery B has a 100% probability of the maximum outcome (5 Euros), while Lottery A has only a 0.1% probability of its maximum outcome (5000 Euros). Since 100% > 0.1%, the decision reason prefers Lottery B."",
  ""final_answer"": ""B""
}"
15,"{
  ""step_1"": ""The decision reason focuses on the probability of the maximum outcome for each lottery. For Lottery A, the maximum outcome is 0 Euros, which occurs with 99.9% probability. For Lottery B, the maximum outcome is -5 Euros, which occurs with 100% probability. The maximum outcome of Lottery A (0 Euros) is higher than that of Lottery B (-5 Euros). However, the decision reason does not consider the value of the maximum outcome, only the probability with which it occurs. The maximum outcome of Lottery A (0 Euros) occurs with 99.9% probability, while the maximum outcome of Lottery B (-5 Euros) occurs with 100% probability. Therefore, the relevant information (probability of the maximum outcome) can be derived for both lotteries. The probability of the maximum outcome is 99.9% for Lottery A and 100% for Lottery B. This information is sufficient to apply the decision reason."",
  ""step_2"": ""The decision reason prefers the lottery with the higher probability of the maximum outcome. Lottery A has a 99.9% probability of the maximum outcome, while Lottery B has a 100% probability. Since 100% > 99.9%, the decision reason prefers Lottery B."",
  ""final_answer"": ""B""
}"
16,"{
  ""step_1"": ""The decision reason focuses on the probability of the maximum outcome in each lottery. For Lottery A, the maximum outcome is 3000 Euros, which occurs with a 50% probability. For Lottery B, the maximum outcome is 1500 Euros, which occurs with a 100% probability. Since the maximum outcome in Lottery B (1500 Euros) is less than that in Lottery A (3000 Euros), the maximum outcome of Lottery B is not the same as that of Lottery A. Therefore, the decision reason must compare the probability of achieving the highest possible outcome in each lottery. The highest possible outcome across both lotteries is 3000 Euros, which only occurs in Lottery A with 50% probability. In Lottery B, the maximum outcome (1500 Euros) is less than 3000 Euros, so the probability of achieving 3000 Euros in Lottery B is 0%. Thus, the relevant information—probability of the maximum outcome (3000 Euros)—can be derived: 50% for A, 0% for B. The decision reason can be applied strictly."",
  ""step_2"": ""The decision reason prefers the lottery with the higher probability of the maximum outcome (3000 Euros). Lottery A has a 50% probability of achieving 3000 Euros, while Lottery B has a 0% probability of achieving 3000 Euros. Since 50% > 0%, the decision reason prefers Lottery A."",
  ""final_answer"": ""A""
}"
17,"{
  ""step_1"": ""The decision reason focuses on the probability of the maximum outcome in each lottery. For Lottery A, the maximum outcome is 3000 Euros, which occurs with 50% probability. For Lottery B, the maximum outcome is 2000 Euros, which occurs with 100% probability. The maximum outcome of Lottery A (3000 Euros) is higher than that of Lottery B (2000 Euros), but the decision reason is concerned only with the probability of achieving the maximum outcome, not the magnitude of the maximum outcome itself. The relevant information is: Lottery A has a 50% chance of achieving its maximum outcome (3000 Euros), and Lottery B has a 100% chance of achieving its maximum outcome (2000 Euros). This information is fully derivable from the lotteries, so the decision reason can be applied strictly."",
  ""step_2"": ""The decision reason prefers the lottery with the higher probability of achieving the maximum outcome. Lottery A has a 50% probability of the maximum outcome (3000 Euros), while Lottery B has a 100% probability of its maximum outcome (2000 Euros). Since 100% > 50%, the decision reason prefers Lottery B."",
  ""final_answer"": ""B""
}"
18,"{
  ""step_1"": ""The decision reason focuses on the probability of the maximum outcome in each lottery. For Lottery A, the maximum outcome is 3000 Euros, which occurs with a 50% probability. For Lottery B, the maximum outcome is 1000 Euros, which occurs with a 100% probability. Since the maximum outcome in Lottery B (1000 Euros) is less than that in Lottery A (3000 Euros), the relevant maximum outcome for comparison is 3000 Euros. The probability of achieving 3000 Euros is 50% in Lottery A and 0% in Lottery B. Thus, the relevant information can be derived, and the decision reason can be applied strictly."",
  ""step_2"": ""The decision reason prefers the lottery with the higher probability of achieving the maximum outcome. The maximum outcome (3000 Euros) occurs with 50% probability in Lottery A and 0% probability in Lottery B. Therefore, Lottery A has a higher probability of the maximum outcome. The decision reason prefers Lottery A."",
  ""final_answer"": ""A""
}"
19,"{
  ""step_1"": ""The decision reason focuses on the probability of the maximum outcome in each lottery. For Lottery A, the maximum outcome is 6000 Euros, which occurs with a 50% probability. For Lottery B, the maximum outcome is 0 Euros, which occurs with 100% probability. However, the maximum outcome in Lottery B is 0 Euros, which is less than the maximum outcome in Lottery A (6000 Euros). Therefore, the relevant maximum outcome across both lotteries is 6000 Euros, and the decision reason evaluates the probability of achieving this maximum outcome. In Lottery A, the probability of 6000 Euros is 50%. In Lottery B, the probability of 6000 Euros is 0%, since it only offers 0 Euros with certainty. Thus, the relevant information (probability of the maximum outcome) can be derived from the lotteries, and the decision reason can be applied strictly."",
  ""step_2"": ""The decision reason prefers the lottery with the higher probability of the maximum outcome. The maximum outcome is 6000 Euros. Lottery A has a 50% probability of this outcome, while Lottery B has a 0% probability. Since 50% > 0%, the decision reason prefers Lottery A."",
  ""final_answer"": ""A""
}"
