problemID,response
1,"Here's the assessment:

{
  ""step_1"": ""The decision reason can be applied to the decision problem. The relevant information for the decision reason includes the maximum and minimum outcomes of each lottery. For Lottery A, the maximum outcome is 2500 Euros and the minimum outcome is 0 Euros. For Lottery B, the maximum outcome is 2400 Euros and the minimum outcome is 2400 Euros (since it's a certain outcome)."",
  ""step_2"": ""The individual considered the certain outcome of Lottery B (2400 Euros) and the uncertain outcome of Lottery A (maximum 2500 Euros with a risk of getting nothing). The individual justified their choice by stating that the certain option of winning 2400 Euros was more valuable to them than the uncertain option of winning a maximum of 2500 Euros with the risk of getting nothing. They also mentioned that the difference of only 100 Euros was a reason to choose the certain option."",
  ""step_3"": ""Comparing the information relevant to the decision reason with that considered by the individual, we see that the individual did consider the maximum outcomes of both lotteries, but not explicitly the minimum outcomes. However, the individual did mention the risk of getting nothing with Lottery A, which implies consideration of the minimum outcome. Comparing the decision reason's rule to the individual's justification, we see that the individual's focus on the certain outcome and the risk of getting nothing aligns with the decision reason's preference for the more favorable maximum outcome or minimum outcome. However, the individual's emphasis on the certain option and the small difference between the outcomes suggests that they may not have strictly followed the decision reason's rule."",
  ""final_assessment_score"": 40
}"
2,"Here is the assessment:

{
  ""step_1"": ""The decision reason can be applied to the decision problem. The relevant information for the decision reason is the maximum and minimum outcomes of each lottery. For Lottery A, the maximum outcome is 2500 Euros and the minimum outcome is 0 Euros. For Lottery B, the maximum outcome is 2400 Euros and the minimum outcome is 0 Euros. This information can be derived from the lotteries' outcomes and probabilities."",
  ""step_2"": ""The individual considered the probabilities of winning as very low and wanted to increase the probability by 1%. They also mentioned that the 100 Euro difference between the two options was not enough to take on higher risk. The individual's justification for the choice seems to be based on the trade-off between the probability of winning and the potential gain."",
  ""step_3"": ""Comparing the information relevant to the decision reason (maximum and minimum outcomes) with that considered by the individual (probabilities and potential gain), it appears that the individual did not explicitly consider the maximum outcomes of the lotteries as the primary factor. The individual's justification for the choice focuses on the probability and the difference in potential gain, rather than the maximum outcomes. Therefore, it is unlikely that the individual used the decision reason to make the decision."",
  ""final_assessment_score"": 20
}"
3,"Here's the assessment:

{
  ""step_1"": ""The decision reason can be applied to the decision problem. The relevant information for the decision reason includes the outcomes of each lottery. For Lottery A, the maximum outcome is 4000 Euros and the minimum outcome is 0 Euros. For Lottery B, the maximum outcome is 3000 Euros and the minimum outcome is 3000 Euros (since it's a certain outcome). The decision reason will prefer the lottery with the more favorable maximum outcome, which is Lottery A, or if the maximum outcomes are identical, the more favorable minimum outcome."",
  ""step_2"": ""The verbal report suggests that the individual considered the concept of 'Sicherheit' (security/safety) in their decision-making process, implying that they valued the certainty of the outcome. The individual mentions that they would have only chosen Lottery B if the possible sum (maximum outcome) had been significantly higher. This implies that the individual was considering the trade-off between the potential gain and the certainty of the outcome."",
  ""step_3"": ""Comparing the information relevant to the decision reason with that considered by the individual, it appears that the individual did not explicitly consider the maximum and minimum outcomes of the lotteries in the same way as the decision reason. The individual's justification for their choice seems to be based on the concept of security and the potential gain, rather than a direct comparison of the maximum and minimum outcomes. Therefore, it is uncertain whether the individual used the decision reason to make the decision."",
  ""final_assessment_score"": 20
}"
4,"Here's the assessment:

{
  ""step_1"": ""The decision reason can be applied to the decision problem. The relevant information is the maximum and minimum outcomes of each lottery. For Lottery A, the maximum outcome is 3000 Euros and the minimum outcome is 0 Euros. For Lottery B, the maximum outcome is 4000 Euros and the minimum outcome is 0 Euros. This information can be used to determine which lottery has the more favorable maximum and minimum outcomes."",
  ""step_2"": ""The individual considered the possible winnings of each lottery and the probabilities of winning. They noted that the possible winnings were higher for Lottery B, but the probability of winning was slightly higher for Lottery A. The individual justified their choice by stating that they chose the riskier option despite the higher possible winnings, implying that they considered the potential gains and the risks involved."",
  ""step_3"": ""Comparing the information relevant to the decision reason with that considered by the individual, it appears that the individual did consider the maximum outcomes of each lottery, which is a key aspect of the decision reason. The individual also mentioned the possibility of no loss, which is related to the minimum outcome. Comparing the decision reason's rule to the individual's justification, it seems that the individual's choice was influenced by the more favorable maximum outcome of Lottery B, which aligns with the decision reason's rule. However, the individual also considered the probability of winning, which is not a factor in the decision reason. Overall, the individual's deliberation process shows some alignment with the decision reason, but not a perfect match."",
  ""final_assessment_score"": 70
}"
5,"Here's the assessment:

{
  ""step_1"": ""The decision reason can be applied to the decision problem. The relevant information for the decision reason is the maximum and minimum outcomes of each lottery. For Lottery A, the maximum outcome is 6000 Euros and the minimum outcome is 0 Euros. For Lottery B, the maximum outcome is 3000 Euros and the minimum outcome is 0 Euros. This information can be derived from the lotteries' outcomes."",
  
  ""step_2"": ""The individual considered the probabilities of winning in each lottery, specifically mentioning the '90 prozentige chance zu gewinnen' (90% chance of winning) as a key factor. The individual's justification for the choice seems to prioritize the higher probability of winning over the potential for a higher payout with a lower probability."",
  
  ""step_3"": ""Comparing the information relevant to the decision reason (maximum and minimum outcomes) with that considered by the individual (probabilities of winning), it appears that the individual did not directly consider the maximum outcomes of the lotteries as the primary factor. However, the individual's justification does mention the 'etwas höhere summe' (somewhat higher sum), which suggests some awareness of the outcome differences. The decision reason's rule prioritizes the more favorable maximum outcome, which is not explicitly mentioned as the primary consideration in the verbal report. Based on these comparisons, it seems uncertain whether the individual used the decision reason to make the decision."",
  
  ""final_assessment_score"": 20
}"
6,"Here is the assessment:

{
  ""step_1"": ""The decision reason can be applied to the decision problem. The relevant information is the maximum outcome of each lottery. Lottery A has a maximum outcome of 6000 Euros, while Lottery B has a maximum outcome of 3000 Euros. Since the minimum outcomes are both 0 Euros, the decision reason will prefer the lottery with the more favorable maximum outcome."",
  ""step_2"": ""The individual considered the low probability of winning in both lotteries and decided to choose the lottery with the higher maximum outcome (6000 Euros) despite its lower probability, hoping to get lucky. The individual's justification for the choice is based on the idea that neither option is really secure, so they might as well choose the one with the higher potential reward."",
  ""step_3"": ""The information relevant to the decision reason (maximum outcomes) is considered by the individual. The individual's justification for the choice (choosing the higher maximum outcome due to the low probabilities and lack of security in both options) aligns with the decision reason's rule (preferring the lottery with the more favorable maximum outcome). Based on these comparisons, it appears that the individual used the decision reason to make the decision."",
  ""final_assessment_score"": 90
}"
7,"{
  ""step_1"": ""The decision reason can be applied to the decision problem. The relevant information for the decision reason includes the outcomes of each lottery. For Lottery A, the outcome is -3000 Euros with 100% probability. For Lottery B, the outcomes are -4000 Euros with 80% probability and 0 Euros with 20% probability. The maximum outcome for Lottery A is -3000 Euros, and for Lottery B, it is 0 Euros. The minimum outcome for Lottery A is -3000 Euros, and for Lottery B, it is -4000 Euros."",
  ""step_2"": ""The individual considered the possibility of not losing anything with Lottery B (0 Euros with 20% probability) as a significant factor. They also mentioned that the difference between losing 3000 Euros and 4000 Euros was not very high, implying they considered the potential losses of both lotteries. The individual's justification for their choice seems to focus on the potential upside of Lottery B (not losing anything) and the relatively small difference in potential losses between the two lotteries."",
  ""step_3"": ""Comparing the information relevant to the decision reason with that considered by the individual, it appears the individual did consider the outcomes of the lotteries but focused more on the upside of Lottery B and the comparative losses. The decision reason prioritizes the lottery with the more favorable maximum outcome or, if maximum outcomes are the same, the more favorable minimum outcome. The individual's justification does not explicitly state a preference based on maximum or minimum outcomes in the manner described by the decision reason. However, the individual's consideration of the possibility of not losing with Lottery B (its maximum outcome being more favorable) aligns with part of the decision reason's criteria. Given this partial alignment but lack of explicit mention of comparing maximum and minimum outcomes as per the decision reason, the assessment is uncertain but leans towards the decision reason not being the primary basis for the choice."",
  ""final_assessment_score"": 20
}"
8,"Here is the assessment:

{
  ""step_1"": ""The decision reason can be applied to the decision problem. The relevant information for the decision reason is the maximum and minimum outcomes of each lottery. For Lottery A, the maximum outcome is 0 Euros and the minimum outcome is -3000 Euros. For Lottery B, the maximum outcome is 0 Euros and the minimum outcome is -4000 Euros. Since the maximum outcomes are identical (0 Euros), the decision reason will prefer the lottery with the more favorable minimum outcome."",
  ""step_2"": ""The individual considered the risk of losing a high amount of money and the difference in the potential losses between the two lotteries. They mentioned that the 5% difference in probability was not decisive for them. The individual's justification for their choice seems to be based on the potential losses and the relatively high probability of losing."",
  ""step_3"": ""Comparing the information relevant to the decision reason with that considered by the individual, we see that the individual focused on the potential losses, which aligns with the decision reason's consideration of the minimum outcomes. However, the individual did not explicitly mention comparing the maximum outcomes. Comparing the decision reason's rule to the individual's justification, we see that the individual's choice was based on the more favorable minimum outcome (i.e., losing 1000 Euros less), which aligns with the decision reason's rule. Based on these comparisons, it seems likely that the individual used the decision reason to make the decision, but the individual's report does not explicitly state that they compared the maximum outcomes."",
  ""final_assessment_score"": 80
}"
9,"Here is the assessment:

{
  ""step_1"": ""The decision reason can be applied to the decision problem. The relevant information for the decision reason is the maximum and minimum outcomes of each lottery. For Lottery A, the maximum outcome is 0 Euros (or no loss) and the minimum outcome is -3000 Euros. For Lottery B, the maximum outcome is 0 Euros (or no loss) and the minimum outcome is -6000 Euros. Since the maximum outcomes are identical (0 Euros), the decision reason will prefer the lottery with the more favorable minimum outcome."",
  ""step_2"": ""The individual's verbal report suggests that they considered the potential losses and the probabilities of the lotteries. They mention the 'größere Summe' (larger sum), which implies that they were aware of the larger potential loss in Lottery B. The individual's justification for their choice seems to be based on the idea that the potential for a larger loss is more acceptable when the probability of that loss is lower. They seem to be weighing the potential losses against the probabilities, but the exact decision rule is not clearly stated."",
  ""step_3"": ""Comparing the information relevant to the decision reason with that considered by the individual, it appears that the individual did consider the outcomes of the lotteries, but the focus was on the potential losses rather than the maximum and minimum outcomes. The individual's justification for the choice does not explicitly state a preference for the more favorable minimum outcome, but rather seems to be based on a trade-off between the potential loss and its probability. Based on these comparisons, it seems that the individual's decision process is related to the decision reason, but not exactly aligned with it."",
  ""final_assessment_score"": 40
}"
10,"Here is the assessment:

{
  ""step_1"": ""The decision reason can be applied to the decision problem. The relevant information for the decision reason is the maximum and minimum outcomes of each lottery. For Lottery A, the maximum outcome is 0 Euros and the minimum outcome is -6000 Euros. For Lottery B, the maximum outcome is 0 Euros and the minimum outcome is -3000 Euros. This information can be derived from the lotteries' outcomes and probabilities."",
  ""step_2"": ""The verbal report suggests that the individual considered the potential loss of each lottery, mentioning the fear of losing 6000 Euros and the low probability of losing. The individual's justification for choosing Lottery B is that the fear of losing 6000 Euros is too great, and the probability of losing is still very low. The individual does not explicitly mention comparing the maximum outcomes, but rather focuses on the potential losses."",
  ""step_3"": ""Comparing the information relevant to the decision reason with that considered by the individual, it appears that the individual focused on the minimum outcomes (potential losses) rather than the maximum outcomes. The decision reason's rule prefers the lottery with the more favorable maximum outcome, but the individual's justification is based on the fear of losing, which is related to the minimum outcome. While the individual's reasoning is not entirely inconsistent with the decision reason, it does not directly align with the reason's rule. Therefore, the assessment is that the individual did not directly use the decision reason to make the decision, but may have been influenced by a related consideration."",
  ""final_assessment_score"": 20
}"
11,"Here is the assessment:

{
  ""step_1"": ""The decision reason can be applied to the decision problem. The relevant information is the maximum and minimum outcomes of each lottery. For Lottery A, the maximum outcome is 1000 Euros and the minimum outcome is 0 Euros. For Lottery B, the maximum outcome is 500 Euros and the minimum outcome is 500 Euros (since it is a certain outcome)."",
  ""step_2"": ""The individual considered the certainty of winning 500 Euros in Lottery B and the risk of winning nothing in Lottery A. They justified their choice by stating that they would rather have a guaranteed 500 Euros than take a 50/50 risk of winning nothing. The individual's deliberation process focused on the security of winning money versus the risk of losing."",
  ""step_3"": ""Comparing the information relevant to the decision reason, the individual did consider the outcomes of each lottery, but they did not explicitly compare the maximum outcomes. Instead, they focused on the certainty of winning in Lottery B. Comparing the decision reason's rule to the individual's justification, the individual's preference for the guaranteed 500 Euros does not align with the decision reason's preference for the more favorable maximum outcome (1000 Euros in Lottery A). The individual's justification is more related to risk aversion than the decision reason's focus on maximum outcomes."",
  ""final_assessment_score"": 0
}"
12,"{
  ""step_1"": ""The decision reason can be applied to the decision problem. The relevant information includes the outcomes of each lottery: Lottery B has outcomes of -1000 Euros and 0 Euros, while Lottery A has an outcome of -500 Euros. The maximum outcome of Lottery B is 0 Euros, and the maximum outcome of Lottery A is -500 Euros. The minimum outcome of Lottery B is -1000 Euros, and the minimum outcome of Lottery A is -500 Euros. This information is sufficient to apply the decision reason."",
  ""step_2"": ""The individual considers the difference between the potential losses of the two lotteries, mentioning that the difference between 1000 and 500 is 'nicht mega groß' (not extremely large), implying they are weighing the potential losses. They also mention the 50% chance of losing nothing in Lottery B, which they seem to value. The individual's justification for their choice appears to be based on a trade-off between the potential losses and the probability of avoiding loss altogether."",
  ""step_3"": ""Comparing the information relevant to the decision reason with that considered by the individual, it seems the individual is focusing on the difference in potential losses and the chance of no loss, which aligns with considering the outcomes of each lottery. However, the decision reason specifically looks at the maximum and minimum outcomes to make a preference decision. The individual's justification does not explicitly mention preferring the lottery based on its maximum or minimum outcome but rather on the trade-off between loss amounts and the probability of no loss. Therefore, while there is some alignment, the individual's reasoning does not perfectly match the decision reason's rule. Given this, the assessment is that the individual likely did not strictly use the decision reason as defined but was influenced by aspects of it."",
  ""final_assessment_score"": 20
}"
13,"Here's the assessment:

{
  ""step_1"": ""The decision reason can be applied to the decision problem. The relevant information for the decision reason includes the outcomes of each lottery. For Lottery A, the outcomes are 6000 Euros and 0 Euros. For Lottery B, the outcomes are 4000 Euros, 2000 Euros, and 0 Euros. The maximum outcome for Lottery A is 6000 Euros, and the maximum outcome for Lottery B is 4000 Euros. The minimum outcome for both lotteries is 0 Euros."",
  ""step_2"": ""The individual considers the 'gewinnchance' (winning chance) of Lottery B to be higher and states that the winning chance is more important to them than the sum. The individual's justification for the choice focuses on the perceived higher winning chance of Lottery B, implying that the individual prioritizes the probability of winning over the potential amount won."",
  ""step_3"": ""Comparing the information relevant to the decision reason with that considered by the individual, it appears that the individual does not directly consider the differences between the outcomes of the lotteries, which is a key aspect of the decision reason. The individual's justification for the choice is based on the perceived winning chance, not the maximum or minimum outcomes. Therefore, the decision reason's rule does not align with the individual's justification for the choice. Based on these comparisons, it seems unlikely that the individual used the decision reason to make the decision."",
  ""final_assessment_score"": 0
}"
14,"Here's the assessment:

{
  ""step_1"": ""The decision reason can be applied to the decision problem. The relevant information is the maximum and minimum outcomes of each lottery. For Lottery A, the maximum outcome is 0 Euros and the minimum outcome is -6000 Euros. For Lottery B, the maximum outcome is 0 Euros (in the 50% probability case, but also considering the other outcomes, the most favorable one in terms of less loss is -2000 Euros, and the minimum outcome is -4000 Euros. However, since the decision reason focuses on the most favorable maximum and then the most favorable minimum, the key comparison is between the maximum outcomes (0 Euros for both) and then the minimum outcomes (-6000 Euros for A and -4000 Euros for B)."",
  ""step_2"": ""The verbal report indicates that the individual found the decision difficult due to the high percentages of potential loss. The individual focused on the risk of losing, specifically mentioning the 25% risk and comparing it to the 50% chance of losing nothing (in the context of one of the lotteries). The justification for the choice seems to hinge on the comparison of these probabilities and the potential losses, with the individual hoping to avoid the 25% risk. The report does not explicitly mention comparing the maximum outcomes but does imply a consideration of the potential losses (minimum outcomes)."",
  ""step_3"": ""Comparing the information relevant to the decision reason (maximum and minimum outcomes) with that considered by the individual (probabilities of loss and potential losses), there seems to be a partial alignment, as the individual does consider the potential losses (minimum outcomes) but does not explicitly discuss the maximum outcomes. The decision reason's rule (preferring the lottery with the more favorable maximum outcome, or if the maximum outcomes are identical, the more favorable minimum outcome) is somewhat reflected in the individual's justification, as they seem to be choosing based on the lesser of the potential losses (minimum outcomes), which aligns with part of the decision reason's rule. However, the explicit comparison of maximum outcomes is not mentioned. Given this, the assessment is that the individual partially used the decision reason but did not fully apply it as defined."",
  ""final_assessment_score"": 40
}"
15,"Here is the assessment:

{
  ""step_1"": ""The decision reason can be applied to the decision problem. The relevant information for the decision reason includes the maximum and minimum outcomes of each lottery. For Lottery A, the maximum and minimum outcome is 5 Euros. For Lottery B, the maximum outcome is 5000 Euros and the minimum outcome is 0 Euros."",
  ""step_2"": ""The individual considered the safety of the gain (safer gewinn) and the high but uncertain gain (sehr unsafer hoher gewinn) of the two lotteries. The individual's justification for the choice is not explicitly stated, but they mention that the safer gain is preferred, implying a consideration of the trade-off between risk and reward."",
  ""step_3"": ""Comparing the information relevant to the decision reason with that considered by the individual, it appears that the individual did consider the outcomes of the lotteries, but focused more on the safety aspect rather than the maximum and minimum outcomes specifically. Comparing the decision reason's rule to the individual's justification, it seems that the individual's preference for a safer gain may align with the decision reason's preference for a more favorable minimum outcome, but the individual's statement is not a clear application of the decision reason's rule. Therefore, the assessment is that the individual may have used a similar line of thinking, but it is not certain that they used the decision reason as stated."",
  ""final_assessment_score"": 30
}"
16,"Here is the assessment:

{
  ""step_1"": ""The decision reason can be applied to the decision problem. The relevant information for the decision reason is the maximum and minimum outcomes of each lottery. For Lottery A, the maximum and minimum outcome is -5 Euros. For Lottery B, the maximum outcome is 0 Euros and the minimum outcome is -5000 Euros. This information can be derived from the lotteries' outcomes and probabilities."",
  ""step_2"": ""The individual considered the probability of losing a large amount of money in Lottery B, but noted it was very small. They also considered the certainty of losing a small amount of money in Lottery A. The individual's justification for choosing Lottery B was to avoid losing a certain amount of money, even if it's small, and taking the minimal risk of losing a large amount."",
  ""step_3"": ""Comparing the information relevant to the decision reason, the individual considered the outcomes of the lotteries, but focused on the risk of losing rather than the maximum and minimum outcomes directly. The decision reason's rule prefers the lottery with the more favorable maximum outcome, or the more favorable minimum outcome if the maximum outcomes are identical. The individual's justification, however, was based on avoiding a certain loss, which is related to the minimum outcome, but not exactly the same as the decision reason's rule. Based on these comparisons, it seems that the individual did not directly apply the decision reason, but their thought process was related to the outcomes of the lotteries."",
  ""final_assessment_score"": 20
}"
17,"{
  ""step_1"": ""The decision reason can be applied to the decision problem. The relevant information for the decision reason includes the outcomes of each lottery. For Lottery A, the maximum outcome is 3000 Euros and the minimum outcome is -3000 Euros. For Lottery B, the maximum outcome is 1500 Euros and the minimum outcome is 1500 Euros (since it has a 100% probability of this outcome)."",
  ""step_2"": ""The individual's verbal report translates to 'a safe win is better than a large probability of being able to lose something.' This suggests the individual considered the certainty of the outcome of Lottery B and the risk of loss associated with Lottery A. The individual's justification for their choice seems to prioritize avoiding loss and valuing certainty, focusing on the idea that a guaranteed gain is preferable to a gamble that involves a significant risk of loss."",
  ""step_3"": ""Comparing the information relevant to the decision reason with that considered by the individual, it appears the individual focused more on the aspect of certainty and risk of loss rather than directly comparing the maximum and minimum outcomes of the two lotteries as the decision reason suggests. The decision reason prioritizes the lottery with the more favorable maximum outcome or, if those are equal, the more favorable minimum outcome. However, the individual's justification emphasizes the preference for a 'safe win,' which aligns with preferring the certain outcome of Lottery B over the risky outcomes of Lottery A, but does not explicitly mention comparing maximum and minimum outcomes as the primary reason. Therefore, while there is some alignment in preferring a certain gain (Lottery B's outcome) over a risky option, the individual's reasoning does not perfectly match the decision reason's criteria for evaluating lotteries based on their maximum and minimum outcomes."",
  ""final_assessment_score"": 20
}"
18,"Here's the assessment:

{
  ""step_1"": ""The decision reason can be applied to the decision problem. The relevant information for the decision reason includes the outcomes of each lottery. For Lottery A, the maximum outcome is 3000 Euros and the minimum outcome is -3000 Euros. For Lottery B, the maximum outcome is 2000 Euros and the minimum outcome is 2000 Euros (since it's a certain outcome)."",
  ""step_2"": ""The individual considered the certainty of the gain (sicherer gewinn) and the risk of losing (gefahr zu verlieren) when making their decision. They justified their choice by stating that the risk of losing was too great, implying that they prioritized avoiding losses. They also mentioned that they would only have chosen Lottery A if the potential gains were much larger."",
  ""step_3"": ""Comparing the information relevant to the decision reason with that considered by the individual, it appears that the individual did not focus on the maximum outcomes of the lotteries as the decision reason would suggest. Instead, they prioritized the certainty of the gain and the risk of losing. Comparing the decision reason's rule to the individual's justification, it seems that the individual's decision was driven by a desire to avoid losses rather than maximizing the most favorable outcome. Therefore, it is unlikely that the individual used the decision reason to make their decision."",
  ""final_assessment_score"": 20
}"
19,"Here's the assessment:

{
  ""step_1"": ""The decision reason can be applied to the decision problem. The relevant information includes the outcomes of each lottery: Lottery A has a fixed outcome of 1000 Euros, while Lottery B has outcomes of 3000 Euros and -3000 Euros. The maximum outcome of Lottery B is more favorable (3000 Euros) than that of Lottery A (1000 Euros), but the minimum outcome of Lottery B is less favorable (-3000 Euros) than that of Lottery A (1000 Euros)."",
  ""step_2"": ""The individual considered the risk of losing money in Lottery B and the guaranteed 1000 Euros in Lottery A. The individual's justification for the choice seems to be focused on the certainty of the outcome in Lottery A and the perceived high risk of losing money in Lottery B."",
  ""step_3"": ""Comparing the information relevant to the decision reason with that considered by the individual, it appears that the individual did consider the outcomes of the lotteries, but the focus was more on the risk of losing money in Lottery B rather than the maximum outcomes. Comparing the decision reason's rule to the individual's justification, it seems that the individual's decision was not solely based on the maximum outcome, but rather on the certainty of the outcome in Lottery A. However, the individual's mention of the risk of losing money in Lottery B suggests that they were aware of the potential downside of Lottery B, which is related to the decision reason's consideration of minimum outcomes. Therefore, while the individual's decision process is not a perfect match for the decision reason, there are some similarities."",
  ""final_assessment_score"": 30
}"
20,"Here's the assessment:

{
  ""step_1"": ""The decision reason can be applied to the decision problem. The relevant information for the decision reason includes the maximum and minimum outcomes of each lottery. For Lottery A, the maximum outcome is 6000 Euros and the minimum outcome is -6000 Euros. For Lottery B, the maximum outcome is 0 Euros and the minimum outcome is 0 Euros. This information can be derived from the lotteries' outcomes and probabilities."",
  ""step_2"": ""The verbal report suggests that the individual considered the potential gain of 6000 Euros in Lottery A, but was deterred by the risk of losing the same amount with a 50% probability. The individual's justification for their choice seems to be focused on the fear of losing a significant amount of money, rather than a direct comparison of the maximum and minimum outcomes of the two lotteries."",
  ""step_3"": ""Comparing the information relevant to the decision reason with that considered by the individual, it appears that the individual did consider the outcomes of Lottery A, but did not explicitly compare the maximum and minimum outcomes of the two lotteries. The individual's justification for their choice does not seem to align with the decision reason's rule, which prioritizes the lottery with the more favorable maximum outcome, or if the maximum outcomes are identical, the more favorable minimum outcome. Based on these comparisons, it seems unlikely that the individual used the decision reason to make their decision."",
  ""final_assessment_score"": 20
}"
